{"cameraMode":{"drawMode":0,"name":"Shaded","section":"Shading Mode"},"sceneLighting":true,"audioPlay":false,"sceneViewState":{"showFog":true,"showMaterialUpdate":false,"showSkybox":true,"showFlares":true,"showImageEffects":true,"showParticleSystems":true},"in2DMode":false,"pivot":{"x":-29.007633209228517,"y":-50.892059326171878,"z":50.10462188720703},"rotation":{"x":0.3207927942276001,"y":-0.18589718639850617,"z":0.06434754282236099,"w":0.92652827501297},"size":48.60801696777344,"orthographic":false}