{"cameraMode":{"drawMode":0,"name":"Shaded","section":"Shading Mode"},"sceneLighting":true,"audioPlay":false,"sceneViewState":{"showFog":true,"showMaterialUpdate":false,"showSkybox":true,"showFlares":true,"showImageEffects":true,"showParticleSystems":true},"in2DMode":false,"pivot":{"x":-3.3307271003723146,"y":-10.613707542419434,"z":1.31907320022583},"rotation":{"x":-0.35537055134773257,"y":-0.000844075228087604,"z":0.0003206126275472343,"w":-0.9347270727157593},"size":17.507728576660158,"orthographic":false}