{"cameraMode":{"drawMode":0,"name":"Shaded","section":"Shading Mode"},"sceneLighting":true,"audioPlay":false,"sceneViewState":{"showFog":true,"showMaterialUpdate":false,"showSkybox":true,"showFlares":true,"showImageEffects":true,"showParticleSystems":true},"in2DMode":false,"pivot":{"x":-0.09933435916900635,"y":-8.810335159301758,"z":-2.817808151245117},"rotation":{"x":0.46174487471580508,"y":0.033229101449251178,"z":-0.017356794327497484,"w":0.8862624168395996},"size":16.52618980407715,"orthographic":false}