{"cameraMode":{"drawMode":0,"name":"Shaded","section":"Shading Mode"},"sceneLighting":true,"audioPlay":false,"sceneViewState":{"showFog":true,"showMaterialUpdate":false,"showSkybox":true,"showFlares":true,"showImageEffects":true,"showParticleSystems":true},"in2DMode":false,"pivot":{"x":8.329776763916016,"y":-55.36833953857422,"z":65.64653778076172},"rotation":{"x":0.32340309023857119,"y":0.0818975567817688,"z":-0.02811029925942421,"w":0.9423019886016846},"size":57.39820098876953,"orthographic":false}