{"cameraMode":{"drawMode":0,"name":"Shaded","section":"Shading Mode"},"sceneLighting":true,"audioPlay":false,"sceneViewState":{"showFog":true,"showMaterialUpdate":false,"showSkybox":true,"showFlares":true,"showImageEffects":true,"showParticleSystems":true},"in2DMode":false,"pivot":{"x":0.8536698818206787,"y":-5.748852729797363,"z":-0.3507528305053711},"rotation":{"x":-0.024388642981648446,"y":0.890763521194458,"z":-0.4512574076652527,"w":-0.048148490488529208},"size":10.237471580505371,"orthographic":false}